id,name,model_id:id,group_id:id,perm_read,perm_write,perm_create,perm_unlink
estate_property_id,estate_property_access,model_estate_property,base.group_user,1,1,1,1
estate_property_type_id,estate_property_type_access,model_estate_property_type,base.group_user,1,1,1,1
estate_property_tag_id,estate_property_tag_access,model_estate_property_tag,base.group_user,1,1,1,1
estate_property_offer_id,estate_property_offer_access,model_estate_property_offer,base.group_user,1,1,1,1

estate_labs_transient_id,estate_labs_transient_access,model_my_transient_model,base.group_user,1,1,1,1

estate_custom_wizard_id,estate_custom_wizard_access,model_estate_custom_wizard,base.group_user,1,1,1,1